well,rate,plate,mutant_num,substrate,cofactor
A1,-0.69,A,13,blank,NADPH
A2,-0.745,A,14,blank,NADPH
A3,-0.676,A,15,blank,NADPH
A4,-0.579,A,16,blank,NADPH
A5,-0.983,A,WT,blank,NADPH
A6,-1.014,A,WT,blank,NADPH
B1,-0.607,A,13,benzyloxirane,NADPH
B2,-0.964,A,14,benzyloxirane,NADPH
B3,-0.589,A,15,benzyloxirane,NADPH
B4,-0.767,A,16,benzyloxirane,NADPH
B5,-1.367,A,WT,benzyloxirane,NADPH
B6,-0.904,A,WT,benzyloxirane,NADPH
C1,-0.87,A,13,oxirane,NADPH
C2,-0.88,A,14,oxirane,NADPH
C3,-0.714,A,15,oxirane,NADPH
C4,-0.565,A,16,oxirane,NADPH
C5,-1.38,A,WT,oxirane,NADPH
C6,-1.296,A,WT,oxirane,NADPH
D1,-0.697,A,13,methyloxirane,NADPH
D2,-0.759,A,14,methyloxirane,NADPH
D3,-0.628,A,15,methyloxirane,NADPH
D4,-0.451,A,16,methyloxirane,NADPH
D5,-1.152,A,WT,methyloxirane,NADPH
D6,-1.49,A,WT,methyloxirane,NADPH
E1,-0.793,A,13,propanal,NADPH
E2,-0.913,A,14,propanal,NADPH
E3,-0.95,A,15,propanal,NADPH
E4,-0.604,A,16,propanal,NADPH
E5,-75.992,A,WT,propanal,NADPH
E6,-82.633,A,WT,propanal,NADPH
A1,-0.958,B,1,blank,NADPH
A2,-0.897,B,2,blank,NADPH
A3,-0.724,B,3,blank,NADPH
A4,-0.708,B,4,blank,NADPH
A5,-0.703,B,5,blank,NADPH
A6,-0.813,B,6,blank,NADPH
A7,-0.532,B,7,blank,NADPH
A8,-0.599,B,8,blank,NADPH
A9,-0.877,B,9,blank,NADPH
A10,-0.953,B,10,blank,NADPH
A11,-0.864,B,11,blank,NADPH
A12,-1.275,B,12,blank,NADPH
B1,-0.573,B,1,benzyloxirane,NADPH
B2,-0.942,B,2,benzyloxirane,NADPH
B3,-0.502,B,3,benzyloxirane,NADPH
B4,-0.519,B,4,benzyloxirane,NADPH
B5,-0.578,B,5,benzyloxirane,NADPH
B6,-0.74,B,6,benzyloxirane,NADPH
B7,-0.657,B,7,benzyloxirane,NADPH
B8,-0.894,B,8,benzyloxirane,NADPH
B9,-0.593,B,9,benzyloxirane,NADPH
B10,-1.084,B,10,benzyloxirane,NADPH
B11,-0.764,B,11,benzyloxirane,NADPH
B12,-0.708,B,12,benzyloxirane,NADPH
C1,-0.768,B,1,oxirane,NADPH
C2,-0.713,B,2,oxirane,NADPH
C3,-0.614,B,3,oxirane,NADPH
C4,-0.673,B,4,oxirane,NADPH
C5,-0.768,B,5,oxirane,NADPH
C6,-0.584,B,6,oxirane,NADPH
C7,-0.841,B,7,oxirane,NADPH
C8,-1.017,B,8,oxirane,NADPH
C9,-0.549,B,9,oxirane,NADPH
C10,-0.897,B,10,oxirane,NADPH
C11,-0.744,B,11,oxirane,NADPH
C12,-0.705,B,12,oxirane,NADPH
D1,-0.975,B,1,methyloxirane,NADPH
D2,-0.805,B,2,methyloxirane,NADPH
D3,-0.623,B,3,methyloxirane,NADPH
D4,-0.714,B,4,methyloxirane,NADPH
D5,-1.449,B,5,methyloxirane,NADPH
D6,-0.566,B,6,methyloxirane,NADPH
D7,-0.741,B,7,methyloxirane,NADPH
D8,-0.941,B,8,methyloxirane,NADPH
D9,-0.721,B,9,methyloxirane,NADPH
D10,-0.992,B,10,methyloxirane,NADPH
D11,-0.969,B,11,methyloxirane,NADPH
D12,-0.887,B,12,methyloxirane,NADPH
E1,-0.742,B,1,propanal,NADPH
E2,-1.024,B,2,propanal,NADPH
E3,-0.824,B,3,propanal,NADPH
E4,-0.874,B,4,propanal,NADPH
E5,-0.879,B,5,propanal,NADPH
E6,-1.116,B,6,propanal,NADPH
E7,-0.833,B,7,propanal,NADPH
E8,-0.588,B,8,propanal,NADPH
E9,-0.713,B,9,propanal,NADPH
E10,-1.139,B,10,propanal,NADPH
E11,-0.827,B,11,propanal,NADPH
E12,-0.954,B,12,propanal,NADPH