mutant_label,oligo_label,sequence,scale,purification
T18Y+T68Q+K72M+D109N+Q257S,ttcatgcattgccggATAacggctcagatccag,ttcatgcattgccggATAacggctcagatccag,25nm,standard
T18Y+T68Q+K72M+D109N+Q257S,cggcagaactgcctgCATatacggatgCTGaatgttcagaccatt,cggcagaactgcctgCATatacggatgCTGaatgttcagaccatt,25nm,standard
T18Y+T68Q+K72M+D109N+Q257S,accaaaaccgctcacGTTggtattatgacctgt,accaaaaccgctcacGTTggtattatgacctgt,25nm,standard
T18Y+T68Q+K72M+D109N+Q257S,aaaggcatcaacggcGCTatgaattgccatacg,aaaggcatcaacggcGCTatgaattgccatacg,25nm,standard
T18Y+D109H+Q257S,ttcatgcattgccggATAacggctcagatccag,ttcatgcattgccggATAacggctcagatccag,25nm,standard
T18Y+D109H+Q257S,accaaaaccgctcacATGggtattatgacctgt,accaaaaccgctcacATGggtattatgacctgt,25nm,standard
T18Y+D109H+Q257S,aaaggcatcaacggcGCTatgaattgccatacg,aaaggcatcaacggcGCTatgaattgccatacg,25nm,standard
T18Y+N93A+D109H+Q257S,ttcatgcattgccggATAacggctcagatccag,ttcatgcattgccggATAacggctcagatccag,25nm,standard
T18Y+N93A+D109H+Q257S,atcaataacaacggtCGCaactgcacccagctg,atcaataacaacggtCGCaactgcacccagctg,25nm,standard
T18Y+N93A+D109H+Q257S,accaaaaccgctcacATGggtattatgacctgt,accaaaaccgctcacATGggtattatgacctgt,25nm,standard
T18Y+N93A+D109H+Q257S,aaaggcatcaacggcGCTatgaattgccatacg,aaaggcatcaacggcGCTatgaattgccatacg,25nm,standard
T18Y+Q257S,ttcatgcattgccggATAacggctcagatccag,ttcatgcattgccggATAacggctcagatccag,25nm,standard
T18Y+Q257S,aaaggcatcaacggcGCTatgaattgccatacg,aaaggcatcaacggcGCTatgaattgccatacg,25nm,standard
T18Y+T94R+Q257S,ttcatgcattgccggATAacggctcagatccag,ttcatgcattgccggATAacggctcagatccag,25nm,standard
T18Y+T94R+Q257S,tgcatcaataacaacACGattaactgcacccag,tgcatcaataacaacACGattaactgcacccag,25nm,standard
T18Y+T94R+Q257S,aaaggcatcaacggcGCTatgaattgccatacg,aaaggcatcaacggcGCTatgaattgccatacg,25nm,standard
T18Y+D109H+V137N+A140Q+Q257S,ttcatgcattgccggATAacggctcagatccag,ttcatgcattgccggATAacggctcagatccag,25nm,standard
T18Y+D109H+V137N+A140Q+Q257S,accaaaaccgctcacATGggtattatgacctgt,accaaaaccgctcacATGggtattatgacctgt,25nm,standard
T18Y+D109H+V137N+A140Q+Q257S,cagtgcataggcaacCTGattaccGTTaccaccggcaccaac,cagtgcataggcaacCTGattaccGTTaccaccggcaccaac,25nm,standard
T18Y+D109H+V137N+A140Q+Q257S,aaaggcatcaacggcGCTatgaattgccatacg,aaaggcatcaacggcGCTatgaattgccatacg,25nm,standard
T18Y+N66A+T94R+Q257S,ttcatgcattgccggATAacggctcagatccag,ttcatgcattgccggATAacggctcagatccag,25nm,standard
T18Y+N66A+T94R+Q257S,atacggatgggtaatCGCcagaccattaaaacc,atacggatgggtaatCGCcagaccattaaaacc,25nm,standard
T18Y+N66A+T94R+Q257S,tgcatcaataacaacACGattaactgcacccag,tgcatcaataacaacACGattaactgcacccag,25nm,standard
T18Y+N66A+T94R+Q257S,aaaggcatcaacggcGCTatgaattgccatacg,aaaggcatcaacggcGCTatgaattgccatacg,25nm,standard
T18Y+T68Q+D109N+Q257S,ttcatgcattgccggATAacggctcagatccag,ttcatgcattgccggATAacggctcagatccag,25nm,standard
T18Y+T68Q+D109N+Q257S,ctgtttatacggatgCTGaatgttcagaccatt,ctgtttatacggatgCTGaatgttcagaccatt,25nm,standard
T18Y+T68Q+D109N+Q257S,accaaaaccgctcacGTTggtattatgacctgt,accaaaaccgctcacGTTggtattatgacctgt,25nm,standard
T18Y+T68Q+D109N+Q257S,aaaggcatcaacggcGCTatgaattgccatacg,aaaggcatcaacggcGCTatgaattgccatacg,25nm,standard
T18Y+T68Q+N93A+D109N+Q257S,ttcatgcattgccggATAacggctcagatccag,ttcatgcattgccggATAacggctcagatccag,25nm,standard
T18Y+T68Q+N93A+D109N+Q257S,ctgtttatacggatgCTGaatgttcagaccatt,ctgtttatacggatgCTGaatgttcagaccatt,25nm,standard
T18Y+T68Q+N93A+D109N+Q257S,atcaataacaacggtCGCaactgcacccagctg,atcaataacaacggtCGCaactgcacccagctg,25nm,standard
T18Y+T68Q+N93A+D109N+Q257S,accaaaaccgctcacGTTggtattatgacctgt,accaaaaccgctcacGTTggtattatgacctgt,25nm,standard
T18Y+T68Q+N93A+D109N+Q257S,aaaggcatcaacggcGCTatgaattgccatacg,aaaggcatcaacggcGCTatgaattgccatacg,25nm,standard
T18Y+D109H+A140Q+Q257S,ttcatgcattgccggATAacggctcagatccag,ttcatgcattgccggATAacggctcagatccag,25nm,standard
T18Y+D109H+A140Q+Q257S,accaaaaccgctcacATGggtattatgacctgt,accaaaaccgctcacATGggtattatgacctgt,25nm,standard
T18Y+D109H+A140Q+Q257S,cagtgcataggcaacCTGattaccaacaccacc,cagtgcataggcaacCTGattaccaacaccacc,25nm,standard
T18Y+D109H+A140Q+Q257S,aaaggcatcaacggcGCTatgaattgccatacg,aaaggcatcaacggcGCTatgaattgccatacg,25nm,standard
T18Y+N93G+Q257S,ttcatgcattgccggATAacggctcagatccag,ttcatgcattgccggATAacggctcagatccag,25nm,standard
T18Y+N93G+Q257S,atcaataacaacggtGCCaactgcacccagctg,atcaataacaacggtGCCaactgcacccagctg,25nm,standard
T18Y+N93G+Q257S,aaaggcatcaacggcGCTatgaattgccatacg,aaaggcatcaacggcGCTatgaattgccatacg,25nm,standard
T18Y+T68Q+K72M+N93A+D109N+Q257S,ttcatgcattgccggATAacggctcagatccag,ttcatgcattgccggATAacggctcagatccag,25nm,standard
T18Y+T68Q+K72M+N93A+D109N+Q257S,cggcagaactgcctgCATatacggatgCTGaatgttcagaccatt,cggcagaactgcctgCATatacggatgCTGaatgttcagaccatt,25nm,standard
T18Y+T68Q+K72M+N93A+D109N+Q257S,atcaataacaacggtCGCaactgcacccagctg,atcaataacaacggtCGCaactgcacccagctg,25nm,standard
T18Y+T68Q+K72M+N93A+D109N+Q257S,accaaaaccgctcacGTTggtattatgacctgt,accaaaaccgctcacGTTggtattatgacctgt,25nm,standard
T18Y+T68Q+K72M+N93A+D109N+Q257S,aaaggcatcaacggcGCTatgaattgccatacg,aaaggcatcaacggcGCTatgaattgccatacg,25nm,standard
T18Y+N93A+D109N+Q257S,ttcatgcattgccggATAacggctcagatccag,ttcatgcattgccggATAacggctcagatccag,25nm,standard
T18Y+N93A+D109N+Q257S,atcaataacaacggtCGCaactgcacccagctg,atcaataacaacggtCGCaactgcacccagctg,25nm,standard
T18Y+N93A+D109N+Q257S,accaaaaccgctcacGTTggtattatgacctgt,accaaaaccgctcacGTTggtattatgacctgt,25nm,standard
T18Y+N93A+D109N+Q257S,aaaggcatcaacggcGCTatgaattgccatacg,aaaggcatcaacggcGCTatgaattgccatacg,25nm,standard
T18Y+D109W+Q257S,ttcatgcattgccggATAacggctcagatccag,ttcatgcattgccggATAacggctcagatccag,25nm,standard
T18Y+D109W+Q257S,accaaaaccgctcacCCAggtattatgacctgt,accaaaaccgctcacCCAggtattatgacctgt,25nm,standard
T18Y+D109W+Q257S,aaaggcatcaacggcGCTatgaattgccatacg,aaaggcatcaacggcGCTatgaattgccatacg,25nm,standard
T18Y+T68Q+N93G+D109N+Q257S,ttcatgcattgccggATAacggctcagatccag,ttcatgcattgccggATAacggctcagatccag,25nm,standard
T18Y+T68Q+N93G+D109N+Q257S,ctgtttatacggatgCTGaatgttcagaccatt,ctgtttatacggatgCTGaatgttcagaccatt,25nm,standard
T18Y+T68Q+N93G+D109N+Q257S,atcaataacaacggtGCCaactgcacccagctg,atcaataacaacggtGCCaactgcacccagctg,25nm,standard
T18Y+T68Q+N93G+D109N+Q257S,accaaaaccgctcacGTTggtattatgacctgt,accaaaaccgctcacGTTggtattatgacctgt,25nm,standard
T18Y+T68Q+N93G+D109N+Q257S,aaaggcatcaacggcGCTatgaattgccatacg,aaaggcatcaacggcGCTatgaattgccatacg,25nm,standard
T18Y+K72S+D109W+G136E+Q257S,ttcatgcattgccggATAacggctcagatccag,ttcatgcattgccggATAacggctcagatccag,25nm,standard
T18Y+K72S+D109W+G136E+Q257S,cggcagaactgcctgGCTatacggatgggtaat,cggcagaactgcctgGCTatacggatgggtaat,25nm,standard
T18Y+K72S+D109W+G136E+Q257S,accaaaaccgctcacCCAggtattatgacctgt,accaaaaccgctcacCCAggtattatgacctgt,25nm,standard
T18Y+K72S+D109W+G136E+Q257S,aactgcattaccaacTTCaccggcaccaacctg,aactgcattaccaacTTCaccggcaccaacctg,25nm,standard
T18Y+K72S+D109W+G136E+Q257S,aaaggcatcaacggcGCTatgaattgccatacg,aaaggcatcaacggcGCTatgaattgccatacg,25nm,standard
T18Y+D109W+G136D+Q257S,ttcatgcattgccggATAacggctcagatccag,ttcatgcattgccggATAacggctcagatccag,25nm,standard
T18Y+D109W+G136D+Q257S,accaaaaccgctcacCCAggtattatgacctgt,accaaaaccgctcacCCAggtattatgacctgt,25nm,standard
T18Y+D109W+G136D+Q257S,aactgcattaccaacATCaccggcaccaacctg,aactgcattaccaacATCaccggcaccaacctg,25nm,standard
T18Y+D109W+G136D+Q257S,aaaggcatcaacggcGCTatgaattgccatacg,aaaggcatcaacggcGCTatgaattgccatacg,25nm,standard
L8Y+T18Y+D109W+Q257S,accaaaaccgctcacCCAggtattatgacctgt,accaaaaccgctcacCCAggtattatgacctgt,25nm,standard
L8Y+T18Y+D109W+Q257S,aaaggcatcaacggcGCTatgaattgccatacg,aaaggcatcaacggcGCTatgaattgccatacg,25nm,standard
L8F+T18Y+D109W+Q257S,accaaaaccgctcacCCAggtattatgacctgt,accaaaaccgctcacCCAggtattatgacctgt,25nm,standard
L8F+T18Y+D109W+Q257S,aaaggcatcaacggcGCTatgaattgccatacg,aaaggcatcaacggcGCTatgaattgccatacg,25nm,standard
