90	887	RTPAMHEAEGLAQGRATVYRRIDTLGSRASGQDLKTLLDAALYLGFNGLNITHPYKQAVLPLLDEVSEQATQLGAVNTVVIDATGHTTGHNTDVSGFGRGMEEGLPNAKLDSVVQVGAGGVGNAVAYALVTHGVQKLQVADLDTSRAQALADVINNAVGREAVVGVDARGIEDVIAAADGVVNATPMGMPAHPGTAFDVSCLTKDHWVGDVVYMPIETELLKAARALGCETLDGTRMAIHQAVDAFRLFTGLEPDVSRMRETFLSL	RYPAMHEAEGLAQGRATVYRRIDTLGSRASGQDLKTLLDAALYLGFNGLNITHPYKQAVLPLLDEVSEQATQLGAVGTVVIDATGHTTGHNTDVSGFGRGMEEGLPNAKLDSVVQVGAGGVGNAVAYALVTHGVQKLQVADLDTSRAQALADVINNAVGREAVVGVDARGIEDVIAAADGVVNATPMGMPAHPGTAFDVSCLTKDHWVGDVVYMPIETELLKAARALGCETLDGTRMAIHSAVDAFRLFTGLEPDVSRMRETFLSL
90	887	RTPAMHEAEGLAQGRATVYRRIDTLGSRASGQDLKTLLDAALYLGFNGLNITHPYKQAVLPLLDEVSEQATQLGAVNTVVIDATGHTTGHNTDVSGFGRGMEEGLPNAKLDSVVQVGAGGVGNAVAYALVTHGVQKLQVADLDTSRAQALADVINNAVGREAVVGVDARGIEDVIAAADGVVNATPMGMPAHPGTAFDVSCLTKDHWVGDVVYMPIETELLKAARALGCETLDGTRMAIHQAVDAFRLFTGLEPDVSRMRETFLSL	RYPAMHEAEGLAQGRATVYRRIDTLGSRASGQDLKTLLDAALYLGFNGLNIQHPYKQAVLPLLDEVSEQATQLGAVNTVVIDATGHTTGHNTNVSGFGRGMEEGLPNAKLDSVVQVGAGGVGNAVAYALVTHGVQKLQVADLDTSRAQALADVINNAVGREAVVGVDARGIEDVIAAADGVVNATPMGMPAHPGTAFDVSCLTKDHWVGDVVYMPIETELLKAARALGCETLDGTRMAIHSAVDAFRLFTGLEPDVSRMRETFLSL
90	887	RTPAMHEAEGLAQGRATVYRRIDTLGSRASGQDLKTLLDAALYLGFNGLNITHPYKQAVLPLLDEVSEQATQLGAVNTVVIDATGHTTGHNTDVSGFGRGMEEGLPNAKLDSVVQVGAGGVGNAVAYALVTHGVQKLQVADLDTSRAQALADVINNAVGREAVVGVDARGIEDVIAAADGVVNATPMGMPAHPGTAFDVSCLTKDHWVGDVVYMPIETELLKAARALGCETLDGTRMAIHQAVDAFRLFTGLEPDVSRMRETFLSL	RYPAMHEAEGLAQGRATVYRRIDTLGSRASGQDLKTLLDAALYLGFNGLNIQHPYKQAVLPLLDEVSEQATQLGAVGTVVIDATGHTTGHNTNVSGFGRGMEEGLPNAKLDSVVQVGAGGVGNAVAYALVTHGVQKLQVADLDTSRAQALADVINNAVGREAVVGVDARGIEDVIAAADGVVNATPMGMPAHPGTAFDVSCLTKDHWVGDVVYMPIETELLKAARALGCETLDGTRMAIHSAVDAFRLFTGLEPDVSRMRETFLSL
90	887	RTPAMHEAEGLAQGRATVYRRIDTLGSRASGQDLKTLLDAALYLGFNGLNITHPYKQAVLPLLDEVSEQATQLGAVNTVVIDATGHTTGHNTDVSGFGRGMEEGLPNAKLDSVVQVGAGGVGNAVAYALVTHGVQKLQVADLDTSRAQALADVINNAVGREAVVGVDARGIEDVIAAADGVVNATPMGMPAHPGTAFDVSCLTKDHWVGDVVYMPIETELLKAARALGCETLDGTRMAIHQAVDAFRLFTGLEPDVSRMRETFLSL	RYPAMHEAEGLAQGRATVYRRIDTLGSRASGQDLKTLLDAALYLGFNGLNIQHPYKQAVLPLLDEVSEQATQLGAVATVVIDATGHTTGHNTNVSGFGRGMEEGLPNAKLDSVVQVGAGGVGNAVAYALVTHGVQKLQVADLDTSRAQALADVINNAVGREAVVGVDARGIEDVIAAADGVVNATPMGMPAHPGTAFDVSCLTKDHWVGDVVYMPIETELLKAARALGCETLDGTRMAIHSAVDAFRLFTGLEPDVSRMRETFLSL
90	887	RTPAMHEAEGLAQGRATVYRRIDTLGSRASGQDLKTLLDAALYLGFNGLNITHPYKQAVLPLLDEVSEQATQLGAVNTVVIDATGHTTGHNTDVSGFGRGMEEGLPNAKLDSVVQVGAGGVGNAVAYALVTHGVQKLQVADLDTSRAQALADVINNAVGREAVVGVDARGIEDVIAAADGVVNATPMGMPAHPGTAFDVSCLTKDHWVGDVVYMPIETELLKAARALGCETLDGTRMAIHQAVDAFRLFTGLEPDVSRMRETFLSL	RYPAMHEAEGLAQGRATVYRRIDTLGSRASGQDLKTLLDAALYLGFNGLNITHPYSQAVLPLLDEVSEQATQLGAVNTVVIDATGHTTGHNTWVSGFGRGMEEGLPNAKLDSVVQVGAGEVGNAVAYALVTHGVQKLQVADLDTSRAQALADVINNAVGREAVVGVDARGIEDVIAAADGVVNATPMGMPAHPGTAFDVSCLTKDHWVGDVVYMPIETELLKAARALGCETLDGTRMAIHSAVDAFRLFTGLEPDVSRMRETFLSL
90	887	RTPAMHEAEGLAQGRATVYRRIDTLGSRASGQDLKTLLDAALYLGFNGLNITHPYKQAVLPLLDEVSEQATQLGAVNTVVIDATGHTTGHNTDVSGFGRGMEEGLPNAKLDSVVQVGAGGVGNAVAYALVTHGVQKLQVADLDTSRAQALADVINNAVGREAVVGVDARGIEDVIAAADGVVNATPMGMPAHPGTAFDVSCLTKDHWVGDVVYMPIETELLKAARALGCETLDGTRMAIHQAVDAFRLFTGLEPDVSRMRETFLSL	RYPAMHEAEGLAQGRATVYRRIDTLGSRASGQDLKTLLDAALYLGFNGLNITHPYKQAVLPLLDEVSEQATQLGAVNTVVIDATGHTTGHNTWVSGFGRGMEEGLPNAKLDSVVQVGAGDVGNAVAYALVTHGVQKLQVADLDTSRAQALADVINNAVGREAVVGVDARGIEDVIAAADGVVNATPMGMPAHPGTAFDVSCLTKDHWVGDVVYMPIETELLKAARALGCETLDGTRMAIHSAVDAFRLFTGLEPDVSRMRETFLSL
90	887	RTPAMHEAEGLAQGRATVYRRIDTLGSRASGQDLKTLLDAALYLGFNGLNITHPYKQAVLPLLDEVSEQATQLGAVNTVVIDATGHTTGHNTDVSGFGRGMEEGLPNAKLDSVVQVGAGGVGNAVAYALVTHGVQKLQVADLDTSRAQALADVINNAVGREAVVGVDARGIEDVIAAADGVVNATPMGMPAHPGTAFDVSCLTKDHWVGDVVYMPIETELLKAARALGCETLDGTRMAIHQAVDAFRLFTGLEPDVSRMRETFLSL	RYPAMHEAEGLAQGRATVYRRIDTLGSRASGQDLKTLLDAALYLGFNGLNITHPYKQAVLPLLDEVSEQATQLGAVNTVVIDATGHTTGHNTWVSGFGRGMEEGLPNAKLDSVVQVGAGGVGNAVAYALVTHGVQKLQVADLDTSRAQALADVINNAVGREAVVGVDARGIEDVIAAADGVVNATPMGMPAHPGTAFDVSCLTKDHWVGDVVYMPIETELLKAARALGCETLDGTRMAIHSAVDAFRLFTGLEPDVSRMRETFLSL
42	887	NDSILLGLIGQGLDLSRTPAMHEAEGLAQGRATVYRRIDTLGSRASGQDLKTLLDAALYLGFNGLNITHPYKQAVLPLLDEVSEQATQLGAVNTVVIDATGHTTGHNTDVSGFGRGMEEGLPNAKLDSVVQVGAGGVGNAVAYALVTHGVQKLQVADLDTSRAQALADVINNAVGREAVVGVDARGIEDVIAAADGVVNATPMGMPAHPGTAFDVSCLTKDHWVGDVVYMPIETELLKAARALGCETLDGTRMAIHQAVDAFRLFTGLEPDVSRMRETFLSL	NDSILLGFIGQGLDLSRYPAMHEAEGLAQGRATVYRRIDTLGSRASGQDLKTLLDAALYLGFNGLNITHPYKQAVLPLLDEVSEQATQLGAVNTVVIDATGHTTGHNTWVSGFGRGMEEGLPNAKLDSVVQVGAGGVGNAVAYALVTHGVQKLQVADLDTSRAQALADVINNAVGREAVVGVDARGIEDVIAAADGVVNATPMGMPAHPGTAFDVSCLTKDHWVGDVVYMPIETELLKAARALGCETLDGTRMAIHSAVDAFRLFTGLEPDVSRMRETFLSL
42	887	NDSILLGLIGQGLDLSRTPAMHEAEGLAQGRATVYRRIDTLGSRASGQDLKTLLDAALYLGFNGLNITHPYKQAVLPLLDEVSEQATQLGAVNTVVIDATGHTTGHNTDVSGFGRGMEEGLPNAKLDSVVQVGAGGVGNAVAYALVTHGVQKLQVADLDTSRAQALADVINNAVGREAVVGVDARGIEDVIAAADGVVNATPMGMPAHPGTAFDVSCLTKDHWVGDVVYMPIETELLKAARALGCETLDGTRMAIHQAVDAFRLFTGLEPDVSRMRETFLSL	NDSILLGYIGQGLDLSRYPAMHEAEGLAQGRATVYRRIDTLGSRASGQDLKTLLDAALYLGFNGLNITHPYKQAVLPLLDEVSEQATQLGAVNTVVIDATGHTTGHNTWVSGFGRGMEEGLPNAKLDSVVQVGAGGVGNAVAYALVTHGVQKLQVADLDTSRAQALADVINNAVGREAVVGVDARGIEDVIAAADGVVNATPMGMPAHPGTAFDVSCLTKDHWVGDVVYMPIETELLKAARALGCETLDGTRMAIHSAVDAFRLFTGLEPDVSRMRETFLSL
90	887	RTPAMHEAEGLAQGRATVYRRIDTLGSRASGQDLKTLLDAALYLGFNGLNITHPYKQAVLPLLDEVSEQATQLGAVNTVVIDATGHTTGHNTDVSGFGRGMEEGLPNAKLDSVVQVGAGGVGNAVAYALVTHGVQKLQVADLDTSRAQALADVINNAVGREAVVGVDARGIEDVIAAADGVVNATPMGMPAHPGTAFDVSCLTKDHWVGDVVYMPIETELLKAARALGCETLDGTRMAIHQAVDAFRLFTGLEPDVSRMRETFLSL	RYPAMHEAEGLAQGRATVYRRIDTLGSRASGQDLKTLLDAALYLGFNGLNITHPYKQAVLPLLDEVSEQATQLGAVNTVVIDATGHTTGHNTWVSGFGRGMEEGLPNAKLDSVVQVGAGGVGNAVAYALVTHGVQKLQVADLDTSRAQALADVINNAVGREAVVGVDARGIEDVIAAADGVVNATPMGMPAHPGTAFDVSCLTKDHWVGDVVYMPIETELLKAARALGCETLDGTRMAIHSAVDAFRLFTGLEPDVSRMRETFLSL
90	887	RTPAMHEAEGLAQGRATVYRRIDTLGSRASGQDLKTLLDAALYLGFNGLNITHPYKQAVLPLLDEVSEQATQLGAVNTVVIDATGHTTGHNTDVSGFGRGMEEGLPNAKLDSVVQVGAGGVGNAVAYALVTHGVQKLQVADLDTSRAQALADVINNAVGREAVVGVDARGIEDVIAAADGVVNATPMGMPAHPGTAFDVSCLTKDHWVGDVVYMPIETELLKAARALGCETLDGTRMAIHQAVDAFRLFTGLEPDVSRMRETFLSL	RYPAMHEAEGLAQGRATVYRRIDTLGSRASGQDLKTLLDAALYLGFNGLNITHPYKQAVLPLLDEVSEQATQLGAVNTVVIDATGHTTGHNTHVSGFGRGMEEGLPNAKLDSVVQVGAGGVGNAVAYALVTHGVQKLQVADLDTSRAQALADVINNAVGREAVVGVDARGIEDVIAAADGVVNATPMGMPAHPGTAFDVSCLTKDHWVGDVVYMPIETELLKAARALGCETLDGTRMAIHSAVDAFRLFTGLEPDVSRMRETFLSL
90	887	RTPAMHEAEGLAQGRATVYRRIDTLGSRASGQDLKTLLDAALYLGFNGLNITHPYKQAVLPLLDEVSEQATQLGAVNTVVIDATGHTTGHNTDVSGFGRGMEEGLPNAKLDSVVQVGAGGVGNAVAYALVTHGVQKLQVADLDTSRAQALADVINNAVGREAVVGVDARGIEDVIAAADGVVNATPMGMPAHPGTAFDVSCLTKDHWVGDVVYMPIETELLKAARALGCETLDGTRMAIHQAVDAFRLFTGLEPDVSRMRETFLSL	RYPAMHEAEGLAQGRATVYRRIDTLGSRASGQDLKTLLDAALYLGFNGLNITHPYKQAVLPLLDEVSEQATQLGAVNTVVIDATGHTTGHNTDVSGFGRGMEEGLPNAKLDSVVQVGAGGVGNAVAYALVTHGVQKLQVADLDTSRAQALADVINNAVGREAVVGVDARGIEDVIAAADGVVNATPMGMPAHPGTAFDVSCLTKDHWVGDVVYMPIETELLKAARALGCETLDGTRMAIHSAVDAFRLFTGLEPDVSRMRETFLSL
90	887	RTPAMHEAEGLAQGRATVYRRIDTLGSRASGQDLKTLLDAALYLGFNGLNITHPYKQAVLPLLDEVSEQATQLGAVNTVVIDATGHTTGHNTDVSGFGRGMEEGLPNAKLDSVVQVGAGGVGNAVAYALVTHGVQKLQVADLDTSRAQALADVINNAVGREAVVGVDARGIEDVIAAADGVVNATPMGMPAHPGTAFDVSCLTKDHWVGDVVYMPIETELLKAARALGCETLDGTRMAIHQAVDAFRLFTGLEPDVSRMRETFLSL	RYPAMHEAEGLAQGRATVYRRIDTLGSRASGQDLKTLLDAALYLGFNGLNITHPYKQAVLPLLDEVSEQATQLGAVNTVVIDATGHTTGHNTHVSGFGRGMEEGLPNAKLDSVVQVGAGGVGNQVAYALVTHGVQKLQVADLDTSRAQALADVINNAVGREAVVGVDARGIEDVIAAADGVVNATPMGMPAHPGTAFDVSCLTKDHWVGDVVYMPIETELLKAARALGCETLDGTRMAIHSAVDAFRLFTGLEPDVSRMRETFLSL
90	887	RTPAMHEAEGLAQGRATVYRRIDTLGSRASGQDLKTLLDAALYLGFNGLNITHPYKQAVLPLLDEVSEQATQLGAVNTVVIDATGHTTGHNTDVSGFGRGMEEGLPNAKLDSVVQVGAGGVGNAVAYALVTHGVQKLQVADLDTSRAQALADVINNAVGREAVVGVDARGIEDVIAAADGVVNATPMGMPAHPGTAFDVSCLTKDHWVGDVVYMPIETELLKAARALGCETLDGTRMAIHQAVDAFRLFTGLEPDVSRMRETFLSL	RYPAMHEAEGLAQGRATVYRRIDTLGSRASGQDLKTLLDAALYLGFNGLNITHPYKQAVLPLLDEVSEQATQLGAVNTVVIDATGHTTGHNTHVSGFGRGMEEGLPNAKLDSVVQVGAGGNGNQVAYALVTHGVQKLQVADLDTSRAQALADVINNAVGREAVVGVDARGIEDVIAAADGVVNATPMGMPAHPGTAFDVSCLTKDHWVGDVVYMPIETELLKAARALGCETLDGTRMAIHSAVDAFRLFTGLEPDVSRMRETFLSL
90	887	RTPAMHEAEGLAQGRATVYRRIDTLGSRASGQDLKTLLDAALYLGFNGLNITHPYKQAVLPLLDEVSEQATQLGAVNTVVIDATGHTTGHNTDVSGFGRGMEEGLPNAKLDSVVQVGAGGVGNAVAYALVTHGVQKLQVADLDTSRAQALADVINNAVGREAVVGVDARGIEDVIAAADGVVNATPMGMPAHPGTAFDVSCLTKDHWVGDVVYMPIETELLKAARALGCETLDGTRMAIHQAVDAFRLFTGLEPDVSRMRETFLSL	RYPAMHEAEGLAQGRATVYRRIDTLGSRASGQDLKTLLDAALYLGFNGLNITHPYKQAVLPLLDEVSEQATQLGAVNRVVIDATGHTTGHNTDVSGFGRGMEEGLPNAKLDSVVQVGAGGVGNAVAYALVTHGVQKLQVADLDTSRAQALADVINNAVGREAVVGVDARGIEDVIAAADGVVNATPMGMPAHPGTAFDVSCLTKDHWVGDVVYMPIETELLKAARALGCETLDGTRMAIHSAVDAFRLFTGLEPDVSRMRETFLSL
90	887	RTPAMHEAEGLAQGRATVYRRIDTLGSRASGQDLKTLLDAALYLGFNGLNITHPYKQAVLPLLDEVSEQATQLGAVNTVVIDATGHTTGHNTDVSGFGRGMEEGLPNAKLDSVVQVGAGGVGNAVAYALVTHGVQKLQVADLDTSRAQALADVINNAVGREAVVGVDARGIEDVIAAADGVVNATPMGMPAHPGTAFDVSCLTKDHWVGDVVYMPIETELLKAARALGCETLDGTRMAIHQAVDAFRLFTGLEPDVSRMRETFLSL	RYPAMHEAEGLAQGRATVYRRIDTLGSRASGQDLKTLLDAALYLGFNGLAITHPYKQAVLPLLDEVSEQATQLGAVNRVVIDATGHTTGHNTDVSGFGRGMEEGLPNAKLDSVVQVGAGGVGNAVAYALVTHGVQKLQVADLDTSRAQALADVINNAVGREAVVGVDARGIEDVIAAADGVVNATPMGMPAHPGTAFDVSCLTKDHWVGDVVYMPIETELLKAARALGCETLDGTRMAIHSAVDAFRLFTGLEPDVSRMRETFLSL
90	887	RTPAMHEAEGLAQGRATVYRRIDTLGSRASGQDLKTLLDAALYLGFNGLNITHPYKQAVLPLLDEVSEQATQLGAVNTVVIDATGHTTGHNTDVSGFGRGMEEGLPNAKLDSVVQVGAGGVGNAVAYALVTHGVQKLQVADLDTSRAQALADVINNAVGREAVVGVDARGIEDVIAAADGVVNATPMGMPAHPGTAFDVSCLTKDHWVGDVVYMPIETELLKAARALGCETLDGTRMAIHQAVDAFRLFTGLEPDVSRMRETFLSL	RYPAMHEAEGLAQGRATVYRRIDTLGSRASGQDLKTLLDAALYLGFNGLNITHPYKQAVLPLLDEVSEQATQLGAVATVVIDATGHTTGHNTNVSGFGRGMEEGLPNAKLDSVVQVGAGGVGNAVAYALVTHGVQKLQVADLDTSRAQALADVINNAVGREAVVGVDARGIEDVIAAADGVVNATPMGMPAHPGTAFDVSCLTKDHWVGDVVYMPIETELLKAARALGCETLDGTRMAIHSAVDAFRLFTGLEPDVSRMRETFLSL
90	887	RTPAMHEAEGLAQGRATVYRRIDTLGSRASGQDLKTLLDAALYLGFNGLNITHPYKQAVLPLLDEVSEQATQLGAVNTVVIDATGHTTGHNTDVSGFGRGMEEGLPNAKLDSVVQVGAGGVGNAVAYALVTHGVQKLQVADLDTSRAQALADVINNAVGREAVVGVDARGIEDVIAAADGVVNATPMGMPAHPGTAFDVSCLTKDHWVGDVVYMPIETELLKAARALGCETLDGTRMAIHQAVDAFRLFTGLEPDVSRMRETFLSL	RYPAMHEAEGLAQGRATVYRRIDTLGSRASGQDLKTLLDAALYLGFNGLNITHPYKQAVLPLLDEVSEQATQLGAVATVVIDATGHTTGHNTHVSGFGRGMEEGLPNAKLDSVVQVGAGGVGNAVAYALVTHGVQKLQVADLDTSRAQALADVINNAVGREAVVGVDARGIEDVIAAADGVVNATPMGMPAHPGTAFDVSCLTKDHWVGDVVYMPIETELLKAARALGCETLDGTRMAIHSAVDAFRLFTGLEPDVSRMRETFLSL
90	887	RTPAMHEAEGLAQGRATVYRRIDTLGSRASGQDLKTLLDAALYLGFNGLNITHPYKQAVLPLLDEVSEQATQLGAVNTVVIDATGHTTGHNTDVSGFGRGMEEGLPNAKLDSVVQVGAGGVGNAVAYALVTHGVQKLQVADLDTSRAQALADVINNAVGREAVVGVDARGIEDVIAAADGVVNATPMGMPAHPGTAFDVSCLTKDHWVGDVVYMPIETELLKAARALGCETLDGTRMAIHQAVDAFRLFTGLEPDVSRMRETFLSL	RYPAMHEAEGLAQGRATVYRRIDTLGSRASGQDLKTLLDAALYLGFNGLNIQHPYMQAVLPLLDEVSEQATQLGAVATVVIDATGHTTGHNTNVSGFGRGMEEGLPNAKLDSVVQVGAGGVGNAVAYALVTHGVQKLQVADLDTSRAQALADVINNAVGREAVVGVDARGIEDVIAAADGVVNATPMGMPAHPGTAFDVSCLTKDHWVGDVVYMPIETELLKAARALGCETLDGTRMAIHSAVDAFRLFTGLEPDVSRMRETFLSL
90	887	RTPAMHEAEGLAQGRATVYRRIDTLGSRASGQDLKTLLDAALYLGFNGLNITHPYKQAVLPLLDEVSEQATQLGAVNTVVIDATGHTTGHNTDVSGFGRGMEEGLPNAKLDSVVQVGAGGVGNAVAYALVTHGVQKLQVADLDTSRAQALADVINNAVGREAVVGVDARGIEDVIAAADGVVNATPMGMPAHPGTAFDVSCLTKDHWVGDVVYMPIETELLKAARALGCETLDGTRMAIHQAVDAFRLFTGLEPDVSRMRETFLSL	RYPAMHEAEGLAQGRATVYRRIDTLGSRASGQDLKTLLDAALYLGFNGLNIQHPYMQAVLPLLDEVSEQATQLGAVATVVIDATGHTTGHNTNVSGFGRGMEEGLPNAKLDSVVQVGAGGVGNAVAYALVTHGVQKLQVADLDTSRAQALADVINNAVGREAVVGVDARGIEDVIAAADGVVNATPMGMPAHPGTAFDVSCLTKDHWVGDVVYMPIETELLKAARALGCETLDGTRMAIHSAVDAFRLFTGLEPDVSRMRETFLSL
90	887	RTPAMHEAEGLAQGRATVYRRIDTLGSRASGQDLKTLLDAALYLGFNGLNITHPYKQAVLPLLDEVSEQATQLGAVNTVVIDATGHTTGHNTDVSGFGRGMEEGLPNAKLDSVVQVGAGGVGNAVAYALVTHGVQKLQVADLDTSRAQALADVINNAVGREAVVGVDARGIEDVIAAADGVVNATPMGMPAHPGTAFDVSCLTKDHWVGDVVYMPIETELLKAARALGCETLDGTRMAIHQAVDAFRLFTGLEPDVSRMRETFLSL	RYPAMHEAEGLAQGRATVYRRIDTLGSRASGQDLKTLLDAALYLGFNGLNIQHPYMQAVLPLLDEVSEQATQLGAVNTVVIDATGHTTGHNTNVSGFGRGMEEGLPNAKLDSVVQVGAGGVGNAVAYALVTHGVQKLQVADLDTSRAQALADVINNAVGREAVVGVDARGIEDVIAAADGVVNATPMGMPAHPGTAFDVSCLTKDHWVGDVVYMPIETELLKAARALGCETLDGTRMAIHSAVDAFRLFTGLEPDVSRMRETFLSL
